{
    "change_filament_gcode": "M600",
    "default_print_profile": "0.20mm Standard @Creality Ender3V3SE 0.4",
    "extruder_clearance_height_to_lid": "34",
    "extruder_clearance_height_to_rod": "47",
    "extruder_clearance_radius": "90",
    "from": "User",
    "inherits": "MyKlipper 0.4 nozzle",
    "is_custom_defined": "0",
    "machine_load_filament_time": "11",
    "machine_max_acceleration_extruding": [
        "2500",
        "2500"
    ],
    "machine_max_acceleration_retracting": [
        "500",
        "500"
    ],
    "machine_max_acceleration_travel": [
        "2500",
        "2500"
    ],
    "machine_max_acceleration_x": [
        "2500",
        "2500"
    ],
    "machine_max_acceleration_y": [
        "2500",
        "2500"
    ],
    "machine_max_acceleration_z": [
        "500",
        "500"
    ],
    "machine_max_jerk_e": [
        "5",
        "5"
    ],
    "machine_max_jerk_x": [
        "10",
        "10"
    ],
    "machine_max_jerk_y": [
        "10",
        "10"
    ],
    "machine_max_jerk_z": [
        "0.4",
        "0.4"
    ],
    "machine_max_speed_e": [
        "40",
        "40"
    ],
    "machine_max_speed_x": [
        "250",
        "250"
    ],
    "machine_max_speed_y": [
        "250",
        "250"
    ],
    "machine_max_speed_z": [
        "5",
        "5"
    ],
    "manual_filament_change": "1",
    "name": "CE3v3SE_Klipper 0.4 nozzle - base",
    "nozzle_type": "brass",
    "printable_area": [
        "0x0",
        "220x0",
        "220x220",
        "0x220"
    ],
    "printer_model": "Creality Ender-3 V3 SE",
    "printer_settings_id": "CE3v3SE_Klipper 0.4 nozzle - base",
    "printer_structure": "i3",
    "retract_length_toolchange": [
        "1"
    ],
    "retraction_length": [
        "1.2"
    ],
    "retraction_minimum_travel": [
        "2"
    ],
    "retraction_speed": [
        "40"
    ],
    "support_air_filtration": "0",
    "support_chamber_temp_control": "0",
    "version": "2.3.1.10",
    "z_hop_types": [
        "Spiral Lift"
    ]
}
