{
    "bottom_shell_layers": "4",
    "bridge_flow": "0.95",
    "bridge_speed": "100",
    "brim_type": "no_brim",
    "compatible_printers": [
        "Creality Ender-3 V3 SE 0.4 nozzle"
    ],
    "default_acceleration": "2500",
    "detect_thin_wall": "1",
    "exclude_object": "0",
    "filename_format": "{input_filename_base}_{filament_type[initial_tool]}_{print_time}.gcode",
    "from": "User",
    "gap_infill_speed": "50",
    "infill_wall_overlap": "15%",
    "inherits": "0.20mm Standard @MyKlipper",
    "initial_layer_infill_speed": "80",
    "initial_layer_line_width": "0.46",
    "initial_layer_speed": "30",
    "inner_wall_acceleration": "2000",
    "inner_wall_line_width": "0.45",
    "inner_wall_speed": "90",
    "internal_solid_infill_line_width": "0.42",
    "internal_solid_infill_speed": "180",
    "ironing_flow": "15%",
    "ironing_spacing": "0.1",
    "ironing_speed": "20",
    "is_custom_defined": "0",
    "line_width": "0.46",
    "min_skirt_length": "0",
    "minimum_sparse_infill_area": "10",
    "name": "0.20mm Standard @CE3v3SE_Klipper - base",
    "outer_wall_acceleration": "1000",
    "outer_wall_line_width": "0.42",
    "outer_wall_speed": "60",
    "overhang_2_4_speed": "20",
    "overhang_3_4_speed": "15",
    "print_settings_id": "0.20mm Standard @CE3v3SE_Klipper - base",
    "skirt_height": "2",
    "sparse_infill_line_width": "0.45",
    "sparse_infill_speed": "180",
    "support_base_pattern": "rectilinear",
    "support_interface_bottom_layers": "-1",
    "support_line_width": "0.38",
    "support_speed": "50",
    "support_style": "grid",
    "support_top_z_distance": "0.15",
    "top_surface_acceleration": "2500",
    "top_surface_line_width": "0.42",
    "top_surface_speed": "50",
    "travel_acceleration": "2500",
    "travel_speed": "150",
    "tree_support_branch_angle": "40",
    "tree_support_wall_count": "2",
    "version": "2.3.1.10",
    "wall_loops": "2"
}
