{
    "compatible_printers": [
        "Creality Ender-3 V3 SE 0.4 nozzle"
    ],
    "default_filament_colour": [
        "#000000"
    ],
    "enable_pressure_advance": [
        "1"
    ],
    "filament_cost": [
        "5000"
    ],
    "filament_flow_ratio": [
        "0.98"
    ],
    "filament_settings_id": [
        "ProLAB Black PETG @System - 2"
    ],
    "filament_vendor": [
        "ProLAB"
    ],
    "from": "User",
    "hot_plate_temp": [
        "70"
    ],
    "hot_plate_temp_initial_layer": [
        "75"
    ],
    "inherits": "Generic PETG @System",
    "is_custom_defined": "0",
    "name": "ProLAB Black PETG @System - 2",
    "nozzle_temperature": [
        "230"
    ],
    "nozzle_temperature_initial_layer": [
        "235"
    ],
    "nozzle_temperature_range_high": [
        "250"
    ],
    "version": "2.3.1.10"
}
